0,0,0,0,0,0,0.25,0,0,0,0,0,0,0.19,-0.11,-0.25,0.19,0.11,-0.25,-0.19,-0.11,-0.25,-0.19,0.11,-0.25
0,-0,-0.0001,-0,0.0009,-0,0.2514,-0,-0.0127,-0,0.1814,-0,0.2694,0.1891,-0.11,-0.2514,0.1891,0.11,-0.2514,-0.1909,-0.11,-0.2514,-0.1909,0.11,-0.2514
0,-0,-0.0002,-0,0.0036,-0,0.2553,-0,-0.024,-0,0.3438,-0,0.5002,0.1864,-0.11,-0.2553,0.1864,0.11,-0.2553,-0.1936,-0.11,-0.2553,-0.1936,0.11,-0.2553
0,-0,-0.0005,-0,0.0077,-0,0.2613,-0,-0.0341,-0,0.487,-0,0.6923,0.1823,-0.11,-0.2613,0.1823,0.11,-0.2613,-0.1977,-0.11,-0.2613,-0.1977,0.11,-0.2613
0,-0,-0.0009,-0,0.0132,-0,0.269,-0,-0.0427,-0,0.6111,-0,0.8457,0.1768,-0.11,-0.269,0.1768,0.11,-0.269,-0.2032,-0.11,-0.269,-0.2032,0.11,-0.269
0,-0,-0.0014,-0,0.0199,-0,0.278,-0,-0.0501,-0,0.7162,-0,0.9604,0.1701,-0.11,-0.278,0.1701,0.11,-0.278,-0.2099,-0.11,-0.278,-0.2099,0.11,-0.278
0,-0,-0.0019,-0,0.0275,-0,0.2881,-0,-0.0561,-0,0.8021,-0,1.0364,0.1625,-0.11,-0.2881,0.1625,0.11,-0.2881,-0.2175,-0.11,-0.2881,-0.2175,0.11,-0.2881
0,-0,-0.0025,-0,0.0359,-0,0.2986,-0,-0.0608,-0,0.8689,-0,1.0737,0.1541,-0.11,-0.2986,0.1541,0.11,-0.2986,-0.2259,-0.11,-0.2986,-0.2259,0.11,-0.2986
0,-0,-0.0031,-0,0.0448,-0,0.3094,-0,-0.0641,-0,0.9167,-0,1.0723,0.1452,-0.11,-0.3094,0.1452,0.11,-0.3094,-0.2348,-0.11,-0.3094,-0.2348,0.11,-0.3094
0,-0,-0.0038,-0,0.0541,-0,0.32,-0,-0.0661,-0,0.9453,-0,1.0323,0.1359,-0.11,-0.32,0.1359,0.11,-0.32,-0.2441,-0.11,-0.32,-0.2441,0.11,-0.32
0,-0,-0.0045,-0,0.0637,-0,0.3299,-0,-0.0668,-0,0.9549,-0,0.9536,0.1263,-0.11,-0.3299,0.1263,0.11,-0.3299,-0.2537,-0.11,-0.3299,-0.2537,0.11,-0.3299
0,-0,-0.0051,-0,0.0732,-0,0.339,-0,-0.0668,-0,0.9549,-0,0.8555,0.1263,-0.11,-0.3299,0.1263,0.11,-0.3299,-0.2537,-0.11,-0.3299,-0.2537,0.11,-0.3299
1,-0,-0.0051,-0,0.0732,-0,0.339,-0,-0.0668,-0,0.9549,-0,0.8555,0.0031,-0.6713,1.0067,-0.0031,-0.6713,1.0067,0.0031,-0.6807,1.0251,-0.0031,-0.6807,1.0251
1,-0,-0.0058,-0,0.0828,-0,0.347,-0,-0.0668,-0,0.9549,-0,0.7575,0.0031,-0.7058,1.0847,-0.0031,-0.7058,1.0847,0.0031,-0.7136,1.0999,-0.0031,-0.7136,1.0999
1,-0,-0.0065,-0,0.0923,-0,0.3541,-0,-0.0668,-0,0.9549,-0,0.6594,0.0033,-0.7632,1.2433,-0.0033,-0.7632,1.2433,0.0033,-0.7683,1.2532,-0.0033,-0.7683,1.2532
1,-0,-0.0071,-0,0.1019,-0,0.3602,-0,-0.0668,-0,0.9549,-0,0.5613,0.0035,-0.8224,1.4373,-0.0035,-0.8224,1.4373,0.0035,-0.8247,1.4417,-0.0035,-0.8247,1.4417
1,-0,-0.0078,-0,0.1114,-0,0.3653,-0,-0.0668,-0,0.9549,-0,0.4633,0.0036,-0.8682,1.6365,-0.0036,-0.8682,1.6365,0.0036,-0.868,1.6359,-0.0036,-0.868,1.6359
1,-0,-0.0085,-0,0.1209,-0,0.3695,-0,-0.0668,-0,0.9549,-0,0.3652,0.004,-0.8919,1.823,-0.004,-0.8919,1.823,0.004,-0.89,1.8183,-0.004,-0.89,1.8183
1,-0,-0.0091,-0,0.1305,-0,0.3726,-0,-0.0668,-0,0.9549,-0,0.2671,0.0044,-0.8888,1.9827,-0.0044,-0.8888,1.9827,0.0044,-0.886,1.9747,-0.0044,-0.886,1.9747
1,-0,-0.0098,-0,0.14,-0,0.3748,-0,-0.0668,-0,0.9549,-0,0.1691,0.0048,-0.8617,2.1052,-0.0048,-0.8617,2.1052,0.0048,-0.8591,2.095,-0.0048,-0.8591,2.095
1,-0,-0.0105,-0,0.1496,-0,0.376,-0,-0.0668,-0,0.9549,-0,0.071,0.0052,-0.8236,2.1825,-0.0052,-0.8236,2.1825,0.0052,-0.8218,2.1713,-0.0052,-0.8218,2.1713
1,-0,-0.0111,-0,0.1591,-0,0.3762,-0,-0.0668,-0,0.9549,-0,-0.0271,0.0053,-0.7949,2.2082,-0.0053,-0.7949,2.2082,0.0053,-0.7938,2.1977,-0.0053,-0.7938,2.1977
1,-0,-0.0118,-0,0.1687,-0,0.3755,-0,-0.0668,-0,0.9549,-0,-0.1251,0.0052,-0.7564,2.1723,-0.0052,-0.7564,2.1723,0.0052,-0.7558,2.1643,-0.0052,-0.7558,2.1643
1,-0,-0.0125,-0,0.1782,-0,0.3737,-0,-0.0668,-0,0.9549,-0,-0.2232,0.005,-0.6851,2.0774,-0.005,-0.6851,2.0774,0.005,-0.685,2.0734,-0.005,-0.685,2.0734
1,-0,-0.0131,-0,0.1878,-0,0.371,-0,-0.0668,-0,0.9549,-0,-0.3213,0.0048,-0.5925,1.9342,-0.0048,-0.5925,1.9342,0.0048,-0.5933,1.9359,-0.0048,-0.5933,1.9359
1,-0,-0.0138,-0,0.1973,-0,0.3673,-0,-0.0668,-0,0.9549,-0,-0.4193,0.0043,-0.4867,1.7532,-0.0043,-0.4867,1.7532,0.0044,-0.4891,1.7619,-0.0044,-0.4891,1.7619
1,-0,-0.0145,-0,0.2069,-0,0.3626,-0,-0.0668,-0,0.9549,-0,-0.5174,0.0039,-0.3735,1.545,-0.0039,-0.3735,1.545,0.0039,-0.3785,1.5626,-0.0039,-0.3785,1.5626
1,-0,-0.0151,-0,0.2164,-0,0.357,-0,-0.0668,-0,0.9549,-0,-0.6155,0.0035,-0.2586,1.3222,-0.0035,-0.2586,1.3222,0.0035,-0.2675,1.3509,-0.0035,-0.2675,1.3509
1,-0,-0.0158,-0,0.226,-0,0.3503,-0,-0.0668,-0,0.9549,-0,-0.7135,0.0033,-0.1503,1.1032,-0.0033,-0.1503,1.1032,0.0033,-0.1648,1.1461,-0.0033,-0.1648,1.1461
1,-0,-0.0165,-0,0.2355,-0,0.3427,-0,-0.0668,-0,0.9549,-0,-0.8116,0.0032,-0.0643,0.9217,-0.0032,-0.0643,0.9217,0.0032,-0.0855,0.9809,-0.0032,-0.0855,0.9809
1,-0,-0.0171,-0,0.2451,-0,0.3341,-0,-0.0668,-0,0.9549,-0,-0.9097,0.0032,-0.028,0.8354,-0.0032,-0.028,0.8354,0.0032,-0.0543,0.907,-0.0032,-0.0543,0.907
1,-0,-0.0178,-0,0.2546,-0,0.3245,-0,-0.0668,-0,0.9549,-0,-1.0077,0.0032,-0.0687,0.9008,-0.0032,-0.0687,0.9008,0.0032,-0.0949,0.9731,-0.0032,-0.0949,0.9731
2,-0,-0.0178,-0,0.2546,-0,0.3245,-0,-0.0668,-0,0.9549,-0,-1.0077,0.3147,-0.11,-0.3245,0.3147,0.11,-0.3245,-0.0654,-0.11,-0.3245,-0.0654,0.11,-0.3245
2,-0,-0.0185,-0,0.2642,-0,0.314,-0,-0.0665,-0,0.9577,-0,-1.0866,0.3051,-0.11,-0.314,0.3051,0.11,-0.314,-0.075,-0.11,-0.314,-0.075,0.11,-0.314
2,-0,-0.0191,-0,0.2738,-0,0.3029,-0,-0.0657,-0,0.9661,-0,-1.1271,0.2955,-0.11,-0.3029,0.2955,0.11,-0.3029,-0.0846,-0.11,-0.3029,-0.0846,0.11,-0.3029
2,-0,-0.0198,-0,0.2835,-0,0.2916,-0,-0.0643,-0,0.9802,-0,-1.1291,0.2858,-0.11,-0.2916,0.2858,0.11,-0.2916,-0.0943,-0.11,-0.2916,-0.0943,0.11,-0.2916
2,-0,-0.0204,-0,0.2934,-0,0.2804,-0,-0.0623,-0,0.9999,-0,-1.0927,0.2759,-0.11,-0.2804,0.2759,0.11,-0.2804,-0.1042,-0.11,-0.2804,-0.1042,0.11,-0.2804
2,-0,-0.021,-0,0.3035,-0,0.2699,-0,-0.0598,-0,1.0252,-0,-1.0179,0.2658,-0.11,-0.2699,0.2658,0.11,-0.2699,-0.1143,-0.11,-0.2699,-0.1143,0.11,-0.2699
2,-0,-0.0216,-0,0.3139,-0,0.2602,-0,-0.0568,0,1.0561,-0,-0.9047,0.2554,-0.11,-0.2602,0.2554,0.11,-0.2602,-0.1247,-0.11,-0.2602,-0.1247,0.11,-0.2602
2,-0,-0.0222,-0,0.3247,-0,0.2519,0,-0.0532,0,1.0927,-0,-0.7531,0.2446,-0.11,-0.2519,0.2446,0.11,-0.2519,-0.1355,-0.11,-0.2519,-0.1355,0.11,-0.2519
2,-0,-0.0227,-0,0.3358,-0,0.2453,0,-0.049,0,1.1348,-0,-0.5631,0.2335,-0.11,-0.2453,0.2335,0.11,-0.2453,-0.1466,-0.11,-0.2453,-0.1466,0.11,-0.2453
2,-0,-0.0231,-0,0.3474,-0,0.2408,0,-0.0443,0,1.1826,-0,-0.3347,0.2219,-0.11,-0.2408,0.2219,0.11,-0.2408,-0.1582,-0.11,-0.2408,-0.1582,0.11,-0.2408
2,-0,-0.0236,-0,0.3595,-0,0.2387,0,-0.039,0,1.2361,-0,-0.0678,0.2098,-0.11,-0.2387,0.2098,0.11,-0.2387,-0.1703,-0.11,-0.2387,-0.1703,0.11,-0.2387
2,-0,-0.0239,-0,0.3721,-0,0.2394,0,-0.0338,0,1.2895,-0,0.199,0.1972,-0.11,-0.2394,0.1972,0.11,-0.2394,-0.1829,-0.11,-0.2394,-0.1829,0.11,-0.2394
2,-0,-0.0242,-0,0.3853,-0,0.2426,0,-0.0291,0,1.3373,-0,0.4274,0.184,-0.11,-0.2426,0.184,0.11,-0.2426,-0.1961,-0.11,-0.2426,-0.1961,0.11,-0.2426
2,-0,-0.0245,-0,0.3989,-0,0.2478,0,-0.0249,0,1.3795,-0,0.6175,0.1704,-0.11,-0.2478,0.1704,0.11,-0.2478,-0.2097,-0.11,-0.2478,-0.2097,0.11,-0.2478
2,-0,-0.0247,-0,0.4128,-0,0.2548,0,-0.0213,0,1.416,-0,0.7691,0.1565,-0.11,-0.2548,0.1565,0.11,-0.2548,-0.2236,-0.11,-0.2548,-0.2236,0.11,-0.2548
2,-0,-0.0249,-0,0.4272,-0,0.2631,0,-0.0182,0,1.447,-0,0.8823,0.1421,-0.11,-0.2631,0.1421,0.11,-0.2631,-0.238,-0.11,-0.2631,-0.238,0.11,-0.2631
2,0,-0.0251,-0,0.4418,-0,0.2723,0,-0.0157,0,1.4723,-0,0.957,0.1275,-0.11,-0.2723,0.1275,0.11,-0.2723,-0.2526,-0.11,-0.2723,-0.2526,0.11,-0.2723
2,0,-0.0253,-0,0.4566,-0,0.2821,0,-0.0138,0,1.4919,-0,0.9934,0.1127,-0.11,-0.2821,0.1127,0.11,-0.2821,-0.2674,-0.11,-0.2821,-0.2674,0.11,-0.2821
2,0,-0.0254,-0,0.4716,-0,0.292,0,-0.0124,0,1.506,-0,0.9914,0.0977,-0.11,-0.292,0.0977,0.11,-0.292,-0.2824,-0.11,-0.292,-0.2824,0.11,-0.292
2,0,-0.0255,-0,0.4867,-0,0.3018,0,-0.0116,0,1.5144,-0,0.9509,0.0826,-0.11,-0.3018,0.0826,0.11,-0.3018,-0.2975,-0.11,-0.3018,-0.2975,0.11,-0.3018
2,0,-0.0256,0,0.5018,-0,0.3109,0,-0.0113,0,1.5173,-0,0.8721,0.0675,-0.11,-0.3109,0.0675,0.11,-0.3109,-0.3126,-0.11,-0.3109,-0.3126,0.11,-0.3109
2,0,-0.0257,0,0.517,-0,0.3192,0,-0.0113,0,1.5173,-0,0.774,0.0675,-0.11,-0.3109,0.0675,0.11,-0.3109,-0.3126,-0.11,-0.3109,-0.3126,0.11,-0.3109
3,0,-0.0257,0,0.517,-0,0.3192,0,-0.0113,0,1.5173,-0,0.774,0.0032,-0.859,0.9628,-0.0032,-0.859,0.9628,0.0033,-0.9115,1.0542,-0.0033,-0.9115,1.0542
3,0,-0.0258,0,0.5322,-0,0.3264,0,-0.0113,0,1.5173,-0,0.6759,0.0033,-0.8894,1.0273,-0.0033,-0.8894,1.0273,0.0033,-0.9345,1.1046,-0.0033,-0.9345,1.1046
3,0,-0.026,0,0.5474,-0,0.3327,0,-0.0113,0,1.5173,-0,0.5779,0.0034,-0.9442,1.1828,-0.0034,-0.9442,1.1828,0.0035,-0.9781,1.2395,-0.0035,-0.9781,1.2395
3,0,-0.0261,0,0.5625,-0,0.338,0,-0.0113,0,1.5173,-0,0.4798,0.0035,-1.0002,1.3787,-0.0035,-1.0002,1.3787,0.0035,-1.0229,1.4157,-0.0035,-1.0229,1.4157
3,0,-0.0262,0,0.5777,-0,0.3423,0,-0.0113,0,1.5173,-0,0.3817,0.0037,-1.0416,1.582,-0.0037,-1.0416,1.582,0.0037,-1.0542,1.602,-0.0037,-1.0542,1.602
3,0,-0.0263,0,0.5929,-0,0.3456,0,-0.0113,0,1.5173,-0,0.2837,0.004,-1.058,1.7715,-0.004,-1.058,1.7715,0.004,-1.0623,1.7772,-0.004,-1.0623,1.7772
3,0,-0.0264,0,0.6081,-0,0.348,0,-0.0113,0,1.5173,-0,0.1856,0.0044,-1.0455,1.933,-0.0044,-1.0455,1.933,0.0043,-1.0437,1.927,-0.0043,-1.0437,1.927
3,0,-0.0265,0,0.6232,-0,0.3493,0,-0.0113,0,1.5173,-0,0.0875,0.0047,-1.0085,2.0564,-0.0047,-1.0085,2.0564,0.0047,-1.0034,2.0415,-0.0047,-1.0034,2.0415
3,0,-0.0266,0,0.6384,-0,0.3497,0,-0.0113,0,1.5173,-0,-0.0105,0.005,-0.9621,2.1354,-0.005,-0.9621,2.1354,0.0049,-0.9564,2.1148,-0.0049,-0.9564,2.1148
3,0,-0.0267,0,0.6536,-0,0.3491,0,-0.0113,0,1.5173,-0,-0.1086,0.0051,-0.9297,2.1662,-0.0051,-0.9297,2.1662,0.005,-0.9244,2.1438,-0.005,-0.9244,2.1438
3,0,-0.0269,0,0.6687,-0,0.3475,0,-0.0113,0,1.5173,-0,-0.2067,0.005,-0.8809,2.1444,-0.005,-0.8809,2.1444,0.005,-0.877,2.1245,-0.005,-0.877,2.1245
3,0,-0.027,0,0.6839,-0,0.345,0,-0.0113,0,1.5173,-0,-0.3047,0.0047,-0.7848,2.0718,-0.0047,-0.7848,2.0718,0.0047,-0.7831,2.0585,-0.0047,-0.7831,2.0585
3,0,-0.0271,0,0.6991,-0,0.3414,0,-0.0113,0,1.5173,-0,-0.4028,0.0047,-0.6623,1.9545,-0.0047,-0.6623,1.9545,0.0047,-0.6629,1.9509,-0.0047,-0.6629,1.9509
3,0,-0.0272,0,0.7143,-0,0.3369,0,-0.0113,0,1.5173,-0,-0.5009,0.0044,-0.5286,1.8,-0.0044,-0.5286,1.8,0.0044,-0.5317,1.8087,-0.0044,-0.5317,1.8087
3,0,-0.0273,0,0.7294,-0,0.3314,0,-0.0113,0,1.5173,-0,-0.5989,0.004,-0.3949,1.6201,-0.004,-0.3949,1.6201,0.0041,-0.4012,1.6435,-0.0041,-0.4012,1.6435
3,0,-0.0274,0,0.7446,-0,0.3249,0,-0.0113,0,1.5173,-0,-0.697,0.0037,-0.2694,1.4305,-0.0037,-0.2694,1.4305,0.0038,-0.2803,1.4708,-0.0038,-0.2803,1.4708
3,0,-0.0275,0,0.7598,-0,0.3175,0,-0.0113,0,1.5173,-0,-0.7951,0.0035,-0.1623,1.2535,-0.0035,-0.1623,1.2535,0.0036,-0.1791,1.3127,-0.0036,-0.1791,1.3127
3,0,-0.0277,0,0.7749,-0,0.309,0,-0.0113,0,1.5173,-0,-0.8931,0.0034,-0.0888,1.1227,-0.0034,-0.0888,1.1227,0.0035,-0.1119,1.2003,-0.0035,-0.1119,1.2003
3,0,-0.0278,0,0.7901,-0,0.2996,0,-0.0113,0,1.5173,-0,-0.9912,0.0033,-0.0706,1.0831,-0.0033,-0.0706,1.0831,0.0034,-0.0976,1.1723,-0.0034,-0.0976,1.1723
3,0,-0.0279,0,0.8053,-0,0.2892,0,-0.0113,0,1.5173,-0,-1.0893,0.0034,-0.1268,1.1697,-0.0034,-0.1268,1.1697,0.0035,-0.1525,1.2576,-0.0035,-0.1525,1.2576
3,0,-0.028,0,0.8205,-0,0.2779,0,-0.0111,0,1.5145,-0,-1.1667,0.0036,-0.2211,1.3166,-0.0036,-0.2211,1.3166,0.0037,-0.2435,1.3979,-0.0037,-0.2435,1.3979
4,0,-0.028,0,0.8205,-0,0.2779,0,-0.0111,0,1.5145,-0,-1.1667,0.3121,-0.11,-0.2779,0.3121,0.11,-0.2779,-0.0681,-0.11,-0.2779,-0.0681,0.11,-0.2779
4,0,-0.0281,0,0.8356,-0,0.266,0,-0.0103,0,1.5064,-0,-1.2028,0.297,-0.11,-0.266,0.297,0.11,-0.266,-0.0832000000000001,-0.11,-0.266,-0.0832000000000001,0.11,-0.266
4,0,-0.0282,0,0.8506,-0,0.254,0,-0.0091,0,1.4929,-0,-1.1975,0.282,-0.11,-0.254,0.282,0.11,-0.254,-0.0982000000000001,-0.11,-0.254,-0.0982000000000001,0.11,-0.254
4,0,-0.0283,0,0.8654,-0,0.2422,0,-0.0073,0,1.474,-0,-1.151,0.2672,-0.11,-0.2422,0.2672,0.11,-0.2422,-0.113,-0.11,-0.2422,-0.113,0.11,-0.2422
4,0,-0.0283,0,0.88,-0,0.2311,-0,-0.0051,0,1.4497,-0,-1.0631,0.2526,-0.11,-0.2311,0.2526,0.11,-0.2311,-0.1276,-0.11,-0.2311,-0.1276,0.11,-0.2311
4,0,-0.0284,0,0.8944,-0,0.2211,-0,-0.0024,0,1.4199,-0,-0.934,0.2382,-0.11,-0.2211,0.2382,0.11,-0.2211,-0.142,-0.11,-0.2211,-0.142,0.11,-0.2211
4,0,-0.0284,0,0.9084,-0,0.2126,-0,0.0008,0,1.3848,-0,-0.7635,0.2242,-0.11,-0.2126,0.2242,0.11,-0.2126,-0.156,-0.11,-0.2126,-0.156,0.11,-0.2126
4,0,-0.0284,0,0.9221,-0,0.2059,-0,0.0045,0,1.3442,-0,-0.5517,0.2105,-0.11,-0.2059,0.2105,0.11,-0.2059,-0.1697,-0.11,-0.2059,-0.1697,0.11,-0.2059
4,0,-0.0283,0,0.9353,-0,0.2017,-0,0.0087,-0,1.2983,-0,-0.2986,0.1973,-0.11,-0.2017,0.1973,0.11,-0.2017,-0.1829,-0.11,-0.2017,-0.1829,0.11,-0.2017
4,0,-0.0282,0,0.948,-0,0.2001,-0,0.0134,-0,1.2469,-0,-0.0041,0.1846,-0.11,-0.2001,0.1846,0.11,-0.2001,-0.1956,-0.11,-0.2001,-0.1956,0.11,-0.2001
4,0,-0.028,0,0.9602,-0,0.2016,-0,0.0181,-0,1.1955,-0,0.2903,0.1724,-0.11,-0.2016,0.1724,0.11,-0.2016,-0.2078,-0.11,-0.2016,-0.2078,0.11,-0.2016
4,0,-0.0278,0,0.9719,-0,0.2058,-0,0.0223,-0,1.1496,-0,0.5434,0.1607,-0.11,-0.2058,0.1607,0.11,-0.2058,-0.2195,-0.11,-0.2058,-0.2195,0.11,-0.2058
4,0,-0.0276,-0,0.9832,-0,0.2123,-0,0.0261,-0,1.109,-0,0.7553,0.1494,-0.11,-0.2123,0.1494,0.11,-0.2123,-0.2308,-0.11,-0.2123,-0.2308,0.11,-0.2123
4,0,-0.0273,-0,0.9941,-0,0.2208,-0,0.0293,-0,1.0739,-0,0.9257,0.1385,-0.11,-0.2208,0.1385,0.11,-0.2208,-0.2417,-0.11,-0.2208,-0.2417,0.11,-0.2208
4,0,-0.027,-0,1.0047,-0,0.2307,-0,0.032,-0,1.0441,0,1.0549,0.1279,-0.11,-0.2307,0.1279,0.11,-0.2307,-0.2523,-0.11,-0.2307,-0.2523,0.11,-0.2307
4,0,-0.0267,-0,1.015,-0,0.2417,-0,0.0342,-0,1.0198,0,1.1428,0.1176,-0.11,-0.2417,0.1176,0.11,-0.2417,-0.2626,-0.11,-0.2417,-0.2626,0.11,-0.2417
4,0,-0.0263,-0,1.0251,-0,0.2534,-0,0.0359,-0,1.0009,0,1.1893,0.1075,-0.11,-0.2534,0.1075,0.11,-0.2534,-0.2727,-0.11,-0.2534,-0.2727,0.11,-0.2534
4,0,-0.0259,-0,1.0351,-0,0.2654,-0,0.0372,-0,0.9874,0,1.1946,0.0975000000000001,-0.11,-0.2654,0.0975000000000001,0.11,-0.2654,-0.2827,-0.11,-0.2654,-0.2827,0.11,-0.2654
4,0,-0.0256,-0,1.0449,-0,0.2772,-0,0.0379,-0,0.9793,0,1.1585,0.0877000000000001,-0.11,-0.2772,0.0877000000000001,0.11,-0.2772,-0.2925,-0.11,-0.2772,-0.2925,0.11,-0.2772
4,0,-0.0252,-0,1.0547,-0,0.2884,-0,0.0382,-0,0.9766,0,1.0811,0.0779000000000001,-0.11,-0.2884,0.0779000000000001,0.11,-0.2884,-0.3023,-0.11,-0.2884,-0.3023,0.11,-0.2884
4,0,-0.0248,-0,1.0644,-0,0.2987,-0,0.0382,-0,0.9766,0,0.983,0.0779000000000001,-0.11,-0.2884,0.0779000000000001,0.11,-0.2884,-0.3023,-0.11,-0.2884,-0.3023,0.11,-0.2884
5,0,-0.0248,-0,1.0644,-0,0.2987,-0,0.0382,-0,0.9766,0,0.983,0.0034,-0.9509,1.2076,-0.0034,-0.9509,1.2076,0.0035,-0.9951,1.2816,-0.0035,-0.9951,1.2816
5,0,-0.0244,-0,1.0742,-0,0.3081,-0,0.0382,-0,0.9766,0,0.8849,0.0035,-0.9621,1.2468,-0.0035,-0.9621,1.2468,0.0035,-1.0006,1.311,-0.0035,-1.0006,1.311
5,0,-0.024,-0,1.084,-0,0.3164,0,0.0382,-0,0.9766,0,0.7869,0.0035,-0.9927,1.3589,-0.0035,-0.9927,1.3589,0.0035,-1.0233,1.4093,-0.0035,-1.0233,1.4093
5,0,-0.0237,-0,1.0937,-0,0.3238,0,0.0382,-0,0.9766,0,0.6888,0.0036,-1.028,1.5113,-0.0036,-1.028,1.5113,0.0037,-1.0496,1.5468,-0.0037,-1.0496,1.5468
5,0,-0.0233,-0,1.1035,-0,0.3302,0,0.0382,-0,0.9766,0,0.5907,0.0039,-1.0541,1.6766,-0.0039,-1.0541,1.6766,0.0039,-1.0674,1.698,-0.0039,-1.0674,1.698
5,0,-0.0229,-0,1.1133,-0,0.3356,0,0.0382,-0,0.9766,0,0.4927,0.0041,-1.0618,1.835,-0.0041,-1.0618,1.835,0.0041,-1.0677,1.8441,-0.0041,-1.0677,1.8441
5,0,-0.0225,-0,1.123,-0,0.34,0,0.0382,-0,0.9766,0,0.3946,0.0044,-1.0468,1.9723,-0.0044,-1.0468,1.9723,0.0044,-1.0471,1.971,-0.0044,-1.0471,1.971
5,0,-0.0221,-0,1.1328,-0,0.3435,0,0.0382,-0,0.9766,0,0.2965,0.0048,-1.0115,2.0775,-0.0048,-1.0115,2.0775,0.0047,-1.0084,2.0679,-0.0047,-1.0084,2.0679
5,0,-0.0218,-0,1.1426,-0,0.346,0,0.0382,-0,0.9766,0,0.1985,0.005,-0.9669,2.1424,-0.005,-0.9669,2.1424,0.0049,-0.9625,2.1271,-0.0049,-0.9625,2.1271
5,0,-0.0214,-0,1.1523,-0,0.3475,0,0.0382,-0,0.9766,0,0.1004,0.0051,-0.9302,2.1611,-0.0051,-0.9302,2.1611,0.005,-0.9256,2.1432,-0.005,-0.9256,2.1432
5,0,-0.021,-0,1.1621,-0,0.348,0,0.0382,-0,0.9766,0,0.0023,0.005,-0.8779,2.1283,-0.005,-0.8779,2.1283,0.0049,-0.874,2.1113,-0.0049,-0.874,2.1113
5,-0,-0.0206,-0,1.1719,-0,0.3475,0,0.0382,-0,0.9766,0,-0.0957,0.0047,-0.7876,2.0472,-0.0047,-0.7876,2.0472,0.0046,-0.7851,2.0343,-0.0046,-0.7851,2.0343
5,-0,-0.0202,-0,1.1816,-0,0.3461,0,0.0382,-0,0.9766,0,-0.1938,0.0046,-0.6756,1.9246,-0.0046,-0.6756,1.9246,0.0046,-0.6747,1.9183,-0.0046,-0.6747,1.9183
5,-0,-0.0198,-0,1.1914,-0,0.3436,0,0.0382,-0,0.9766,0,-0.2919,0.0043,-0.5534,1.7684,-0.0043,-0.5534,1.7684,0.0043,-0.5545,1.7707,-0.0043,-0.5545,1.7707
5,-0,-0.0195,-0,1.2012,-0,0.3402,0,0.0382,-0,0.9766,0,-0.3899,0.004,-0.4292,1.5886,-0.004,-0.4292,1.5886,0.004,-0.4331,1.6015,-0.004,-0.4331,1.6015
5,-0,-0.0191,-0,1.2109,-0,0.3358,0,0.0382,-0,0.9766,0,-0.488,0.0036,-0.31,1.3985,-0.0036,-0.31,1.3985,0.0036,-0.3176,1.4239,-0.0036,-0.3176,1.4239
5,-0,-0.0187,-0,1.2207,-0,0.3305,0,0.0382,-0,0.9766,0,-0.5861,0.0034,-0.2042,1.2171,-0.0034,-0.2042,1.2171,0.0034,-0.2166,1.2565,-0.0034,-0.2166,1.2565
5,-0,-0.0183,0,1.2305,-0,0.3241,0,0.0382,-0,0.9766,0,-0.6841,0.0032,-0.1252,1.0736,-0.0032,-0.1252,1.0736,0.0033,-0.1428,1.127,-0.0033,-0.1428,1.127
5,-0,-0.0179,0,1.2402,-0,0.3168,0,0.0382,-0,0.9766,0,-0.7822,0.0032,-0.0931,1.0104,-0.0032,-0.0931,1.0104,0.0033,-0.1142,1.073,-0.0033,-0.1142,1.073
5,-0,-0.0176,0,1.25,-0,0.3085,0,0.0382,-0,0.9766,0,-0.8803,0.0032,-0.1273,1.0657,-0.0032,-0.1273,1.0657,0.0033,-0.1477,1.1274,-0.0033,-0.1477,1.1274
5,-0,-0.0172,0,1.2598,-0,0.2992,0,0.0382,-0,0.9794,0,-0.9596,0.0033,-0.1974,1.1843,-0.0033,-0.1974,1.1843,0.0034,-0.2152,1.2399,-0.0034,-0.2152,1.2399
6,-0,-0.0172,0,1.2598,-0,0.2992,0,0.0382,-0,0.9794,0,-0.9596,0.3044,-0.11,-0.2992,0.3044,0.11,-0.2992,-0.0757000000000001,-0.11,-0.2992,-0.0757000000000001,0.11,-0.2992
6,-0,-0.0168,0,1.2696,-0,0.2894,0,0.0385,-0,0.9879,0,-1.0013,0.2946,-0.11,-0.2894,0.2946,0.11,-0.2894,-0.0855000000000001,-0.11,-0.2894,-0.0855000000000001,0.11,-0.2894
6,-0,-0.0164,0,1.2795,-0,0.2793,0,0.0388,-0,1.002,0,-1.0054,0.2847,-0.11,-0.2793,0.2847,0.11,-0.2793,-0.0954000000000002,-0.11,-0.2793,-0.0954000000000002,0.11,-0.2793
6,-0,-0.016,0,1.2896,-0,0.2694,0,0.0393,-0,1.0218,0,-0.972,0.2746,-0.11,-0.2694,0.2746,0.11,-0.2694,-0.1055,-0.11,-0.2694,-0.1055,0.11,-0.2694
6,-0,-0.0156,0,1.3,-0,0.26,0,0.04,-0,1.0472,0,-0.901,0.2642,-0.11,-0.26,0.2642,0.11,-0.26,-0.1159,-0.11,-0.26,-0.1159,0.11,-0.26
6,-0,-0.0152,0,1.3106,-0,0.2515,0,0.0408,-0,1.0783,0,-0.7924,0.2536,-0.11,-0.2515,0.2536,0.11,-0.2515,-0.1265,-0.11,-0.2515,-0.1265,0.11,-0.2515
6,-0,-0.0148,0,1.3216,-0,0.2443,0,0.0417,-0,1.115,0,-0.6463,0.2426,-0.11,-0.2443,0.2426,0.11,-0.2443,-0.1375,-0.11,-0.2443,-0.1375,0.11,-0.2443
6,-0,-0.0144,0,1.3329,-0,0.2387,-0,0.0428,-0,1.1574,0,-0.4626,0.2313,-0.11,-0.2387,0.2313,0.11,-0.2387,-0.1488,-0.11,-0.2387,-0.1488,0.11,-0.2387
6,-0,-0.0139,0,1.3447,-0,0.2352,-0,0.044,-0,1.2054,0,-0.2413,0.2195,-0.11,-0.2352,0.2195,0.11,-0.2352,-0.1606,-0.11,-0.2352,-0.1606,0.11,-0.2352
6,-0,-0.0135,0,1.3571,-0,0.234,-0,0.0454,-0,1.2591,0,0.0176,0.2071,-0.11,-0.234,0.2071,0.11,-0.234,-0.173,-0.11,-0.234,-0.173,0.11,-0.234
6,-0,-0.013,0,1.3699,-0,0.2355,-0,0.0467,-0,1.3128,0,0.2764,0.1943,-0.11,-0.2355,0.1943,0.11,-0.2355,-0.1858,-0.11,-0.2355,-0.1858,0.11,-0.2355
6,-0,-0.0126,0,1.3833,-0,0.2394,-0,0.048,-0,1.3608,0,0.4977,0.1809,-0.11,-0.2394,0.1809,0.11,-0.2394,-0.1992,-0.11,-0.2394,-0.1992,0.11,-0.2394
6,-0,-0.0121,0,1.3971,-0,0.2454,-0,0.049,-0,1.4032,0,0.6814,0.1671,-0.11,-0.2454,0.1671,0.11,-0.2454,-0.213,-0.11,-0.2454,-0.213,0.11,-0.2454
6,-0,-0.0116,0,1.4113,-0,0.2529,-0,0.05,-0,1.44,0,0.8276,0.1529,-0.11,-0.2529,0.1529,0.11,-0.2529,-0.2272,-0.11,-0.2529,-0.2272,0.11,-0.2529
6,-0,-0.0111,-0,1.4259,-0,0.2618,-0,0.0508,-0,1.4711,0,0.9362,0.1383,-0.11,-0.2618,0.1383,0.11,-0.2618,-0.2418,-0.11,-0.2618,-0.2418,0.11,-0.2618
6,-0,-0.0106,-0,1.4407,-0,0.2715,-0,0.0514,-0,1.4965,0,1.0072,0.1235,-0.11,-0.2715,0.1235,0.11,-0.2715,-0.2566,-0.11,-0.2715,-0.2566,0.11,-0.2715
6,-0,-0.0101,-0,1.4558,-0,0.2818,-0,0.0519,-0,1.5163,0,1.0406,0.1084,-0.11,-0.2818,0.1084,0.11,-0.2818,-0.2717,-0.11,-0.2818,-0.2717,0.11,-0.2818
6,-0,-0.0095,-0,1.4711,-0,0.2922,-0,0.0523,-0,1.5304,0,1.0365,0.0931,-0.11,-0.2922,0.0931,0.11,-0.2922,-0.287,-0.11,-0.2922,-0.287,0.11,-0.2922
6,-0,-0.009,-0,1.4864,-0,0.3024,-0,0.0525,-0,1.5389,0,0.9948,0.0778000000000001,-0.11,-0.3024,0.0778000000000001,0.11,-0.3024,-0.3023,-0.11,-0.3024,-0.3023,0.11,-0.3024
6,-0,-0.0085,-0,1.5018,-0,0.312,-0,0.0526,-0,1.5417,0,0.9155,0.0624,-0.11,-0.312,0.0624,0.11,-0.312,-0.3177,-0.11,-0.312,-0.3177,0.11,-0.312
6,-0,-0.008,-0,1.5172,-0,0.3207,-0,0.0526,-0,1.5417,0,0.8174,0.0624,-0.11,-0.312,0.0624,0.11,-0.312,-0.3177,-0.11,-0.312,-0.3177,0.11,-0.312
7,-0,-0.008,-0,1.5172,-0,0.3207,-0,0.0526,-0,1.5417,0,0.8174,0.0032,-0.8562,0.9592,-0.0032,-0.8562,0.9592,0.0032,-0.8732,0.989,-0.0032,-0.8732,0.989
7,-0,-0.0074,-0,1.5326,-0,0.3283,-0,0.0526,-0,1.5417,0,0.7194,0.0033,-0.8854,1.0212,-0.0033,-0.8854,1.0212,0.0033,-0.9,1.0463,-0.0033,-0.9,1.0463
7,-0,-0.0069,-0,1.5481,-0,0.335,0,0.0526,-0,1.5417,0,0.6213,0.0034,-0.9406,1.1766,-0.0034,-0.9406,1.1766,0.0034,-0.9519,1.1956,-0.0034,-0.9519,1.1956
7,-0,-0.0064,-0,1.5635,-0,0.3408,0,0.0526,-0,1.5417,0,0.5232,0.0035,-0.9981,1.3733,-0.0035,-0.9981,1.3733,0.0035,-1.0065,1.3871,-0.0035,-1.0065,1.3871
7,-0,-0.0059,-0,1.5789,-0,0.3455,0,0.0526,-0,1.5417,0,0.4252,0.0037,-1.042,1.5785,-0.0037,-1.042,1.5785,0.0037,-1.0478,1.588,-0.0037,-1.0478,1.588
7,-0,-0.0053,-0,1.5943,-0,0.3493,0,0.0526,-0,1.5417,0,0.3271,0.004,-1.0616,1.7701,-0.004,-1.0616,1.7701,0.004,-1.0652,1.7761,-0.004,-1.0652,1.7761
7,-0,-0.0048,-0,1.6097,-0,0.352,0,0.0526,-0,1.5417,0,0.229,0.0044,-1.0526,1.9339,-0.0044,-1.0526,1.9339,0.0044,-1.0544,1.9371,-0.0044,-1.0544,1.9371
7,-0,-0.0043,-0,1.6251,-0,0.3538,0,0.0526,-0,1.5417,0,0.131,0.0047,-1.0188,2.0595,-0.0047,-1.0188,2.0595,0.0047,-1.0193,2.0603,-0.0047,-1.0193,2.0603
7,-0,-0.0038,-0,1.6406,-0,0.3547,0,0.0526,-0,1.5417,0,0.0329,0.005,-0.9748,2.14,-0.005,-0.9748,2.14,0.0049,-0.9746,2.1389,-0.0049,-0.9746,2.1389
7,-0,-0.0032,-0,1.656,-0,0.3545,0,0.0526,-0,1.5417,0,-0.0652,0.0051,-0.9434,2.1708,-0.0051,-0.9434,2.1708,0.0051,-0.9427,2.1682,-0.0051,-0.9427,2.1682
7,-0,-0.0027,-0,1.6714,-0,0.3534,0,0.0526,-0,1.5417,0,-0.1632,0.005,-0.8939,2.1486,-0.005,-0.8939,2.1486,0.005,-0.893,2.145,-0.005,-0.893,2.145
7,-0,-0.0022,-0,1.6868,-0,0.3512,0,0.0526,-0,1.5417,0,-0.2613,0.0047,-0.7959,2.0765,-0.0047,-0.7959,2.0765,0.0047,-0.795,2.0725,-0.0047,-0.795,2.0725
7,-0,-0.0017,-0,1.7022,-0,0.3481,0,0.0526,-0,1.5417,0,-0.3594,0.0047,-0.6708,1.96,-0.0047,-0.6708,1.96,0.0047,-0.6699,1.9558,-0.0047,-0.6699,1.9558
7,-0,-0.0011,-0,1.7176,-0,0.3441,0,0.0526,-0,1.5417,0,-0.4574,0.0044,-0.5344,1.8061,-0.0044,-0.5344,1.8061,0.0044,-0.5335,1.8019,-0.0044,-0.5335,1.8019
7,-0,-0.0006,0,1.7331,-0,0.339,0,0.0526,-0,1.5417,0,-0.5555,0.0041,-0.3981,1.6263,-0.0041,-0.3981,1.6263,0.004,-0.3972,1.6223,-0.004,-0.3972,1.6223
7,-0,-0.0001,0,1.7485,-0,0.3329,0,0.0526,-0,1.5417,0,-0.6536,0.0038,-0.2704,1.4362,-0.0038,-0.2704,1.4362,0.0037,-0.2694,1.4322,-0.0037,-0.2694,1.4322
7,-0,0.0005,0,1.7639,-0,0.3259,0,0.0526,-0,1.5417,0,-0.7516,0.0035,-0.1614,1.2581,-0.0035,-0.1614,1.2581,0.0035,-0.1603,1.2539,-0.0035,-0.1603,1.2539
7,-0,0.001,0,1.7793,-0,0.3179,0,0.0526,-0,1.5417,0,-0.8497,0.0034,-0.0864,1.1253,-0.0034,-0.0864,1.1253,0.0034,-0.0849,1.1206,-0.0034,-0.0849,1.1206
7,-0,0.0015,0,1.7947,-0,0.3089,0,0.0526,-0,1.5417,0,-0.9478,0.0033,-0.0669,1.0827,-0.0033,-0.0669,1.0827,0.0033,-0.0652,1.0771,-0.0033,-0.0652,1.0771
7,-0,0.002,0,1.8101,-0,0.299,0,0.0526,-0,1.5417,0,-1.0458,0.0034,-0.1225,1.1657,-0.0034,-0.1225,1.1657,0.0034,-0.1205,1.159,-0.0034,-0.1205,1.159
7,-0,0.0026,0,1.8256,-0,0.2881,0,0.0523,-0,1.5388,0,-1.1234,0.0035,-0.2172,1.309,-0.0035,-0.2172,1.309,0.0035,-0.215,1.3014,-0.0035,-0.215,1.3014
8,-0,0.0026,0,1.8256,-0,0.2881,0,0.0523,-0,1.5388,0,-1.1234,0.304,-0.11,-0.2881,0.304,0.11,-0.2881,-0.0760999999999998,-0.11,-0.2881,-0.0760999999999998,0.11,-0.2881
8,-0,0.0031,0,1.8409,-0,0.2766,0,0.0515,-0,1.5301,0,-1.16,0.2887,-0.11,-0.2766,0.2887,0.11,-0.2766,-0.0913999999999999,-0.11,-0.2766,-0.0913999999999999,0.11,-0.2766
8,-0,0.0036,0,1.8561,-0,0.265,0,0.0501,-0,1.5155,0,-1.1556,0.2735,-0.11,-0.265,0.2735,0.11,-0.265,-0.1066,-0.11,-0.265,-0.1066,0.11,-0.265
8,-0,0.0041,0,1.8712,-0,0.2536,0,0.0483,-0,1.4951,0,-1.1103,0.2584,-0.11,-0.2536,0.2584,0.11,-0.2536,-0.1217,-0.11,-0.2536,-0.1217,0.11,-0.2536
8,-0,0.0045,0,1.886,-0,0.2429,0,0.0458,-0,1.4689,0,-1.024,0.2436,-0.11,-0.2429,0.2436,0.11,-0.2429,-0.1365,-0.11,-0.2429,-0.1365,0.11,-0.2429
8,-0,0.005,0,1.9006,-0,0.2333,0,0.0429,-0,1.4369,0,-0.8966,0.229,-0.11,-0.2333,0.229,0.11,-0.2333,-0.1511,-0.11,-0.2333,-0.1511,0.11,-0.2333
8,-0,0.0054,0,1.9147,-0,0.2251,0,0.0394,0,1.399,0,-0.7283,0.2149,-0.11,-0.2251,0.2149,0.11,-0.2251,-0.1652,-0.11,-0.2251,-0.1652,0.11,-0.2251
8,-0,0.0058,0,1.9285,-0,0.2189,-0,0.0353,0,1.3553,0,-0.5191,0.2011,-0.11,-0.2189,0.2011,0.11,-0.2189,-0.179,-0.11,-0.2189,-0.179,0.11,-0.2189
8,-0,0.0061,0,1.9418,-0,0.2149,-0,0.0308,0,1.3058,0,-0.2688,0.1878,-0.11,-0.2149,0.1878,0.11,-0.2149,-0.1923,-0.11,-0.2149,-0.1923,0.11,-0.2149
8,-0,0.0064,0,1.9546,-0,0.2136,-0,0.0257,0,1.2505,0,0.0224,0.175,-0.11,-0.2136,0.175,0.11,-0.2136,-0.2051,-0.11,-0.2136,-0.2051,0.11,-0.2136
8,-0,0.0066,0,1.9668,-0,0.2153,-0,0.0206,0,1.1951,0,0.3137,0.1628,-0.11,-0.2153,0.1628,0.11,-0.2153,-0.2173,-0.11,-0.2153,-0.2173,0.11,-0.2153
8,-0,0.0068,0,1.9785,-0,0.2198,-0,0.016,0,1.1456,0,0.5639,0.1511,-0.11,-0.2198,0.1511,0.11,-0.2198,-0.229,-0.11,-0.2198,-0.229,0.11,-0.2198
8,-0,0.0069,0,1.9898,-0,0.2265,-0,0.012,0,1.102,0,0.7732,0.1398,-0.11,-0.2265,0.1398,0.11,-0.2265,-0.2403,-0.11,-0.2265,-0.2403,0.11,-0.2265
8,-0,0.007,0,2.0006,-0,0.2351,-0,0.0085,0,1.0641,0,0.9415,0.129,-0.11,-0.2351,0.129,0.11,-0.2351,-0.2511,-0.11,-0.2351,-0.2511,0.11,-0.2351
8,-0,0.0071,0,2.0111,-0,0.2452,-0,0.0055,0,1.0321,0,1.0688,0.1185,-0.11,-0.2452,0.1185,0.11,-0.2452,-0.2616,-0.11,-0.2452,-0.2616,0.11,-0.2452
8,-0,0.0072,-0,2.0213,-0,0.2563,-0,0.0031,0,1.0058,0,1.1552,0.1083,-0.11,-0.2563,0.1083,0.11,-0.2563,-0.2718,-0.11,-0.2563,-0.2718,0.11,-0.2563
8,-0,0.0072,-0,2.0312,-0,0.2681,-0,0.0012,0,0.9855,0,1.2006,0.0983999999999998,-0.11,-0.2681,0.0983999999999998,0.11,-0.2681,-0.2817,-0.11,-0.2681,-0.2817,0.11,-0.2681
8,-0,0.0072,-0,2.041,-0,0.2802,-0,-0.0001,0,0.9709,0,1.2049,0.0886,-0.11,-0.2802,0.0886,0.11,-0.2802,-0.2915,-0.11,-0.2802,-0.2915,0.11,-0.2802
8,-0,0.0072,-0,2.0506,-0,0.2921,-0,-0.001,0,0.9622,0,1.1683,0.0789999999999997,-0.11,-0.2921,0.0789999999999997,0.11,-0.2921,-0.3011,-0.11,-0.2921,-0.3011,0.11,-0.2921
8,-0,0.0072,-0,2.0602,-0,0.3034,-0,-0.0012,0,0.9592,0,1.0908,0.0693999999999999,-0.11,-0.3034,0.0693999999999999,0.11,-0.3034,-0.3107,-0.11,-0.3034,-0.3107,0.11,-0.3034
8,-0,0.0071,-0,2.0698,-0,0.3139,-0,-0.0012,0,0.9592,0,0.9927,0.0693999999999999,-0.11,-0.3034,0.0693999999999999,0.11,-0.3034,-0.3107,-0.11,-0.3034,-0.3107,0.11,-0.3034
9,-0,0.0071,-0,2.0698,-0,0.3139,-0,-0.0012,0,0.9592,0,0.9927,0.0033,-0.8857,1.1012,-0.0033,-0.8857,1.1012,0.0033,-0.8719,1.077,-0.0033,-0.8719,1.077
9,-0,0.0071,-0,2.0794,-0,0.3233,-0,-0.0012,0,0.9592,0,0.8946,0.0034,-0.904,1.1524,-0.0034,-0.904,1.1524,0.0033,-0.8921,1.1318,-0.0033,-0.8921,1.1318
9,-0,0.0071,-0,2.089,-0,0.3318,-0,-0.0012,0,0.9592,0,0.7966,0.0035,-0.9472,1.2848,-0.0035,-0.9472,1.2848,0.0035,-0.9383,1.2694,-0.0035,-0.9383,1.2694
9,-0,0.0071,-0,2.0986,-0,0.3392,0,-0.0012,0,0.9592,0,0.6985,0.0035,-0.9964,1.458,-0.0035,-0.9964,1.458,0.0035,-0.9903,1.4476,-0.0035,-0.9903,1.4476
9,-0,0.0071,-0,2.1082,-0,0.3457,0,-0.0012,0,0.9592,0,0.6004,0.0038,-1.037,1.6429,-0.0038,-1.037,1.6429,0.0038,-1.0336,1.6371,-0.0038,-1.0336,1.6371
9,-0,0.0071,-0,2.1178,-0,0.3512,0,-0.0012,0,0.9592,0,0.5024,0.0041,-1.0584,1.8188,-0.0041,-1.0584,1.8188,0.0041,-1.0573,1.8168,-0.0041,-1.0573,1.8168
9,-0,0.0071,-0,2.1274,-0,0.3558,0,-0.0012,0,0.9592,0,0.4043,0.0044,-1.0553,1.9713,-0.0044,-1.0553,1.9713,0.0044,-1.056,1.9724,-0.0044,-1.056,1.9724
9,-0,0.0071,-0,2.137,-0,0.3593,0,-0.0012,0,0.9592,0,0.3062,0.0048,-1.0288,2.0888,-0.0048,-1.0288,2.0888,0.0048,-1.0306,2.0924,-0.0048,-1.0306,2.0924
9,-0,0.0071,-0,2.1466,-0,0.3619,0,-0.0012,0,0.9592,0,0.2082,0.0051,-0.9891,2.1624,-0.0051,-0.9891,2.1624,0.0051,-0.9913,2.1676,-0.0051,-0.9913,2.1676
9,-0,0.007,-0,2.1562,0,0.3635,0,-0.0012,0,0.9592,0,0.1101,0.0052,-0.9533,2.1845,-0.0052,-0.9533,2.1845,0.0052,-0.9554,2.1903,-0.0052,-0.9554,2.1903
9,-0,0.007,-0,2.1658,0,0.3641,0,-0.0012,0,0.9592,0,0.012,0.005,-0.8987,2.1503,-0.005,-0.8987,2.1503,0.005,-0.9005,2.1556,-0.005,-0.9005,2.1556
9,-0,0.007,-0,2.1754,0,0.3637,0,-0.0012,0,0.9592,0,-0.086,0.0047,-0.8041,2.0649,-0.0047,-0.8041,2.0649,0.0047,-0.8053,2.0686,-0.0047,-0.8053,2.0686
9,-0,0.007,-0,2.1849,0,0.3624,0,-0.0012,0,0.9592,0,-0.1841,0.0046,-0.6871,1.9351,-0.0046,-0.6871,1.9351,0.0046,-0.6876,1.9365,-0.0046,-0.6876,1.9365
9,-0,0.007,-0,2.1945,0,0.36,0,-0.0012,0,0.9592,0,-0.2822,0.0043,-0.5593,1.7686,-0.0043,-0.5593,1.7686,0.0043,-0.559,1.7668,-0.0043,-0.559,1.7668
9,-0,0.007,-0,2.2041,0,0.3567,0,-0.0012,0,0.9592,0,-0.3802,0.0039,-0.429,1.5754,-0.0039,-0.429,1.5754,0.0039,-0.4275,1.5697,-0.0039,-0.4275,1.5697
9,-0,0.007,-0,2.2137,0,0.3524,0,-0.0012,0,0.9592,0,-0.4783,0.0036,-0.3027,1.3688,-0.0036,-0.3027,1.3688,0.0035,-0.2995,1.3582,-0.0035,-0.2995,1.3582
9,-0,0.007,-0,2.2233,0,0.3472,0,-0.0012,0,0.9592,0,-0.5764,0.0033,-0.1881,1.1668,-0.0033,-0.1881,1.1668,0.0033,-0.1828,1.1504,-0.0033,-0.1828,1.1504
9,0,0.0069,-0,2.2329,0,0.3409,0,-0.0012,0,0.9592,0,-0.6744,0.0032,-0.0996,1.0009,-0.0032,-0.0996,1.0009,0.0032,-0.0917,0.9781,-0.0032,-0.0917,0.9781
9,0,0.0069,-0,2.2425,0,0.3337,0,-0.0012,0,0.9592,0,-0.7725,0.0032,-0.0603,0.9199,-0.0032,-0.0603,0.9199,0.0032,-0.0504,0.8924,-0.0032,-0.0504,0.8924
9,0,0.0069,-0,2.2521,0,0.3255,0,-0.0012,0,0.9592,0,-0.8706,0.0032,-0.0939,0.9719,-0.0032,-0.0939,0.9719,0.0032,-0.0842,0.9445,-0.0032,-0.0842,0.9445
9,0,0.0069,0,2.2617,0,0.3163,0,-0.0009,0,0.9622,0,-0.9495,0.0032,-0.1671,1.0947,-0.0032,-0.1671,1.0947,0.0032,-0.1585,1.0699,-0.0032,-0.1585,1.0699
10,0,0.0069,0,2.2617,0,0.3163,0,-0.0009,0,0.9622,0,-0.9495,0.2971,-0.11,-0.3163,0.2971,0.11,-0.3163,-0.0829,-0.11,-0.3163,-0.0829,0.11,-0.3163
10,0,0.0069,0,2.2714,0,0.3066,0,0,0,0.9711,0,-0.9903,0.2874,-0.11,-0.3066,0.2874,0.11,-0.3066,-0.0926,-0.11,-0.3066,-0.0926,0.11,-0.3066
10,0,0.0069,0,2.2811,0,0.2967,0,0.0016,0,0.9859,0,-0.993,0.2777,-0.11,-0.2967,0.2777,0.11,-0.2967,-0.1023,-0.11,-0.2967,-0.1023,0.11,-0.2967
10,0,0.0069,0,2.2911,0,0.2869,0,0.0038,0,1.0066,0,-0.9574,0.2677,-0.11,-0.2869,0.2677,0.11,-0.2869,-0.1123,-0.11,-0.2869,-0.1123,0.11,-0.2869
10,0,0.007,0,2.3013,0,0.2776,0,0.0066,0,1.0333,0,-0.8837,0.2575,-0.11,-0.2776,0.2575,0.11,-0.2776,-0.1225,-0.11,-0.2776,-0.1225,0.11,-0.2776
10,0,0.0071,0,2.3118,0,0.2693,0,0.0101,0,1.0659,0,-0.7718,0.247,-0.11,-0.2693,0.247,0.11,-0.2693,-0.133,-0.11,-0.2693,-0.133,0.11,-0.2693
10,0,0.0072,0,2.3226,0,0.2623,0,0.0142,0,1.1044,0,-0.6218,0.2362,-0.11,-0.2623,0.2362,0.11,-0.2623,-0.1438,-0.11,-0.2623,-0.1438,0.11,-0.2623
10,0,0.0074,0,2.3339,0,0.257,0,0.0189,0,1.1488,0,-0.4335,0.2249,-0.11,-0.257,0.2249,0.11,-0.257,-0.1551,-0.11,-0.257,-0.1551,0.11,-0.257
10,0,0.0076,0,2.3456,0,0.2538,0,0.0242,0,1.1992,0,-0.2071,0.2132,-0.11,-0.2538,0.2132,0.11,-0.2538,-0.1668,-0.11,-0.2538,-0.1668,0.11,-0.2538
10,0,0.0078,0,2.3579,0,0.253,0,0.0302,0,1.2555,0,0.0575,0.2009,-0.11,-0.253,0.2009,0.11,-0.253,-0.1791,-0.11,-0.253,-0.1791,0.11,-0.253
10,0,0.0082,0,2.3707,0,0.2549,0,0.0362,0,1.3118,0,0.3221,0.1881,-0.11,-0.2549,0.1881,0.11,-0.2549,-0.1919,-0.11,-0.2549,-0.1919,0.11,-0.2549
10,0,0.0086,0,2.3841,0,0.2593,-0,0.0415,0,1.3622,0,0.5485,0.1747,-0.11,-0.2593,0.1747,0.11,-0.2593,-0.2053,-0.11,-0.2593,-0.2053,0.11,-0.2593
10,0,0.009,0,2.398,0,0.2658,-0,0.0463,0,1.4066,0,0.7368,0.1608,-0.11,-0.2658,0.1608,0.11,-0.2658,-0.2192,-0.11,-0.2658,-0.2192,0.11,-0.2658
10,0,0.0095,0,2.4122,0,0.2739,-0,0.0503,0,1.4451,-0,0.8869,0.1466,-0.11,-0.2739,0.1466,0.11,-0.2739,-0.2334,-0.11,-0.2739,-0.2334,0.11,-0.2739
10,0,0.01,0,2.4268,0,0.2834,-0,0.0538,0,1.4777,-0,0.9988,0.132,-0.11,-0.2834,0.132,0.11,-0.2834,-0.248,-0.11,-0.2834,-0.248,0.11,-0.2834
10,0,0.0106,0,2.4418,0,0.2938,-0,0.0566,0,1.5044,-0,1.0725,0.117,-0.11,-0.2938,0.117,0.11,-0.2938,-0.263,-0.11,-0.2938,-0.263,0.11,-0.2938
10,0,0.0111,0,2.4569,0,0.3047,-0,0.0588,0,1.5251,-0,1.1081,0.1019,-0.11,-0.3047,0.1019,0.11,-0.3047,-0.2781,-0.11,-0.3047,-0.2781,0.11,-0.3047
10,0,0.0117,0,2.4722,0,0.3158,-0,0.0604,0,1.5399,-0,1.1054,0.0866000000000002,-0.11,-0.3158,0.0866000000000002,0.11,-0.3158,-0.2934,-0.11,-0.3158,-0.2934,0.11,-0.3158
10,0,0.0123,0,2.4877,0,0.3267,-0,0.0614,0,1.5488,-0,1.0646,0.0711000000000004,-0.11,-0.3267,0.0711000000000004,0.11,-0.3267,-0.3089,-0.11,-0.3267,-0.3089,0.11,-0.3267
10,0,0.013,0,2.5032,0,0.337,-0,0.0617,0,1.5518,-0,0.9857,0.0556000000000001,-0.11,-0.337,0.0556000000000001,0.11,-0.337,-0.3244,-0.11,-0.337,-0.3244,0.11,-0.337
10,0,0.0136,0,2.5187,0,0.3463,-0,0.0617,0,1.5518,-0,0.8876,0.0556000000000001,-0.11,-0.337,0.0556000000000001,0.11,-0.337,-0.3244,-0.11,-0.337,-0.3244,0.11,-0.337
11,0,0.0136,0,2.5187,0,0.3463,-0,0.0617,0,1.5518,-0,0.8876,0.0033,-0.7062,0.6879,-0.0033,-0.7062,0.6879,0.0035,-0.671,0.6215,-0.0035,-0.671,0.6215
11,0,0.0142,0,2.5342,0,0.3547,-0,0.0617,0,1.5518,-0,0.7895,0.0032,-0.7577,0.7933,-0.0032,-0.7577,0.7933,0.0033,-0.729,0.7396,-0.0033,-0.729,0.7396
11,0,0.0148,0,2.5497,0,0.3621,-0,0.0617,0,1.5518,-0,0.6915,0.0032,-0.8489,1.0158,-0.0032,-0.8489,1.0158,0.0032,-0.8301,0.981,-0.0032,-0.8301,0.981
11,0,0.0154,0,2.5653,0,0.3686,-0,0.0617,0,1.5518,-0,0.5934,0.0034,-0.9416,1.2733,-0.0034,-0.9416,1.2733,0.0034,-0.9317,1.2541,-0.0034,-0.9317,1.2541
11,0,0.016,0,2.5808,0,0.374,-0,0.0617,0,1.5518,-0,0.4953,0.0036,-1.0156,1.5261,-0.0036,-1.0156,1.5261,0.0036,-1.013,1.5182,-0.0036,-1.013,1.5182
11,0,0.0167,0,2.5963,0,0.3785,-0,0.0617,0,1.5518,-0,0.3973,0.004,-1.0615,1.7569,-0.004,-1.0615,1.7569,0.004,-1.0651,1.758,-0.004,-1.0651,1.758
11,0,0.0173,0,2.6118,0,0.3819,-0,0.0617,0,1.5518,-0,0.2992,0.0044,-1.0732,1.9526,-0.0044,-1.0732,1.9526,0.0044,-1.0819,1.9608,-0.0044,-1.0819,1.9608
11,0,0.0179,0,2.6273,0,0.3844,-0,0.0617,0,1.5518,-0,0.2011,0.0049,-1.0529,2.1029,-0.0049,-1.0529,2.1029,0.0049,-1.0649,2.1166,-0.0049,-1.0649,2.1166
11,0,0.0185,-0,2.6429,0,0.386,-0,0.0617,0,1.5518,-0,0.1031,0.0053,-1.0144,2.199,-0.0053,-1.0144,2.199,0.0053,-1.0278,2.2161,-0.0053,-1.0278,2.2161
11,0,0.0191,-0,2.6584,0,0.3865,-0,0.0617,0,1.5518,-0,0.005,0.0055,-0.9828,2.2336,-0.0055,-0.9828,2.2336,0.0055,-0.9962,2.2511,-0.0055,-0.9962,2.2511
11,0,0.0197,-0,2.6739,0,0.3861,-0,0.0617,0,1.5518,-0,-0.0931,0.0053,-0.9281,2.2031,-0.0053,-0.9281,2.2031,0.0053,-0.9405,2.218,-0.0053,-0.9405,2.218
11,0,0.0204,-0,2.6894,0,0.3846,-0,0.0617,0,1.5518,-0,-0.1911,0.0049,-0.8208,2.1135,-0.0049,-0.8208,2.1135,0.0049,-0.8313,2.1233,-0.0049,-0.8313,2.1233
11,0,0.021,-0,2.7049,0,0.3822,-0,0.0617,0,1.5518,-0,-0.2892,0.0047,-0.6853,1.9709,-0.0047,-0.6853,1.9709,0.0047,-0.6936,1.9735,-0.0047,-0.6936,1.9735
11,0,0.0216,-0,2.7204,0,0.3789,-0,0.0617,0,1.5518,-0,-0.3873,0.0043,-0.5375,1.7832,-0.0043,-0.5375,1.7832,0.0043,-0.5433,1.7762,-0.0043,-0.5433,1.7762
11,0,0.0222,-0,2.736,0,0.3745,-0,0.0617,0,1.5518,-0,-0.4853,0.0039,-0.3872,1.5611,-0.0039,-0.3872,1.5611,0.0038,-0.3893,1.5422,-0.0038,-0.3893,1.5422
11,0,0.0228,-0,2.7515,0,0.3692,-0,0.0617,0,1.5518,-0,-0.5834,0.0035,-0.2405,1.3181,-0.0035,-0.2405,1.3181,0.0035,-0.237,1.2834,-0.0035,-0.237,1.2834
11,0,0.0234,-0,2.767,0,0.3628,-0,0.0617,0,1.5518,-0,-0.6815,0.0033,-0.1058,1.0739,-0.0033,-0.1058,1.0739,0.0032,-0.0937,1.0175,-0.0032,-0.0937,1.0175
11,0,0.0241,-0,2.7825,0,0.3555,-0,0.0617,0,1.5518,-0,-0.7795,0.0032,-0.0011,0.868,-0.0032,-0.0011,0.868,0.0033,0.0225,0.7846,-0.0033,0.0225,0.7846
11,0,0.0247,-0,2.798,0,0.3472,-0,0.0617,0,1.5518,-0,-0.8776,0.0033,0.0398,0.7719,-0.0033,0.0398,0.7719,0.0035,0.0723,0.6675,-0.0035,0.0723,0.6675
11,0,0.0253,-0,2.8135,0,0.338,-0,0.0617,0,1.5518,-0,-0.9757,0.0032,-0.0179,0.8546,-0.0032,-0.0179,0.8546,0.0033,0.0142,0.7497,-0.0033,0.0142,0.7497
11,0,0.0259,-0,2.829,0,0.3278,-0,0.059,0,1.5464,-0,-1.064,0.0032,-0.1256,1.0222,-0.0032,-0.1256,1.0222,0.0031,-0.0986,0.9279,-0.0031,-0.0986,0.9279
